course_num,instructor,Rating_instructor,Workload,Rating_course,review
ANTH3020,Aidan Seale-Feldman,5,6,5,算是半个人类学必修课，感受非常好。教授很有经验和知识，学到很多。
PSYC2700,Amrisha Vaish,4,1,3,比较水吧
ANTH3890,Stephen Plog,4,2,4,挺有意思的，课程不难。教授很可爱
PSYC3006,Karen Schmidt,3,2,3,心理必修课。教授有点太随意，课程进度安排不是很合理。
CLAS3559,Sarah Teets,4,2,4,workload并不大，课上讨论也没什么压力，因为氛围比较随意。
COMM1800,Jeffrey Leopold,5,3,4,考试令人蒙 Project享受其中
ENWR1510,Kevin Smith,5,2,5,没有每周Due的小作文 很好
ECON3010,Peter Troyan,5,2,5,考试考好就行 我爱Econ 爱这节课
CS2102,Kevin Sullivan,2,4,1,工院大佬说简单的课千万别信
CHTR3020,Charles Laughlin,4,2,4,Second Writing课 阅读基本都能找到中文版很Chill Paper一定要好好写！
PSYC2600,Christopher Mazurek,5,3,5,教的不错，学到很多东西，课也不是很难，讲的东西也很实用
COMM1800,Jeffrey Leopold,4,5,3,没学到很多，presentation很看队友水平，midterm会比较难，final还可以
COMM2010,Roger Martin,4,5,4,学到很多accounting的东西，感觉挺实用的课，就是要安排好做作业的时间，不能挤到周日做
ECON3010,Peter Troyan,4,1,4,学到挺多东西，教授教的有点快，考试分比较低，但curve完还好，econ major prereq 之一
CS2110,Nada Basit,4,3,4,教的一般，课程压力还好，出hw的时候就会忙一点，总体压力不是很大，grade也不难拿
MATH3250,Zoran Grujic,5,1,5,教授超级chill超级可爱，作业不多，讲的特别明白
PHIL1750,Walter Ott,3,3,3,喜欢哲学的人也许会喜欢，但是上课总体比较无趣
KINE1300,Carrie Pledger,4,2,5,早八游泳课，很酷
EGMT1540,Isaac Reed,5,3,5,"Reading-based Engagement, 教授讲的很有趣，不像其他Engagement那样着重于政治正确"
COMM1800,Jeffrey Leopold,5,2,5,好多人不大喜欢Leopold，但是我真的很喜欢这个小老头，特别可爱！
ECON2010,Kenneth Elzinga,4,3,3,Elzinga是我最喜欢的教授之一。他人真的很好而且非常智慧。但他的经济课是一定需要学生对Econ有浓厚的兴趣并且对他要讲的内容已经大概了解，不然这节课是完全听不懂的。而且他还很没有必要的让我们看一本他自己写的非常无聊的小说因为考试要考... 所以作为一节Intro Level的课我并不是很推荐，但如果已经大概想好要经济专业的朋友一定要上！
PSYC2600,Timothy Wilson,4,2,4,社会心理学是我来UVA学到最多的一节课！全程满满干货！Wilson是我们课本的作者之一，所以他对课本的掌握程度非常高。虽然他讲的速度比较快，但如果上课前把要求的Reading看了就完全能跟上。唯一的小问题是这节课最后的成绩是一学期所有考试Paper分数的总和，所以每个考试都必须要非常认真对待。
ECON2020,Lee Coppock,5,2,5,我爱Coppock！！！言语无法形容我对他的热爱！！！他真的坚定了我Econ Major的决心。上课氛围非常轻松，也能学到好多东西。墙裂推荐。没啥好说的。
CS1110,Nathan Brunelle,5,3,4,如果上这节课是为了水一波的朋友可以及时离开了。这节课前期巨简单，后期巨难。最后一个月时常有一个码写三小时但还是一堆bug的时候（可能是我的智商问题吧），搞得人非常焦虑。但Nathan Brunelle是个好教授！讲的特别清楚。考试前把他课的录屏全部看一遍就基本没问题啦。
FREN1010,Solene Camus,5,3,5,如果有朋友想在UVA学一门语言的话我一定推荐Solene的法语课！教授是典型的法国女孩儿，光是站在那儿就很赏心悦目了。一开始会稍微有点难入门因为她坚持全程法语交流，但后来发现听得懂的东西越来越多的感觉真的很有成就感。Workload不大，大部分project也很有趣。
CS2150,Mark Floryan,5,10,5,cs必修课，课程内容设置是cs department里很好的了，两个教授都很强
CS3102,Nathan Brunelle,5,6,3,感觉学的证明没有太大意义，可能是我太菜了无法理解
ECE2330,John Lach,5,4,5,强推！从transistor讲到逻辑电路讲到register最后processor。课程没有很难，也学到了很多
APMA3080,Monika Abramenko,5,2,5,教的浅显易懂，课后基本不怎么用花时间再学
MATH3250,Zoran Grujic,4,3,4,挺水的一门课，教授和ta都很有才。但是作业太少了没有什么存在感
ENWR1510,Gretchen York,5,3,3,York教授对莎士比亚了解颇深，如果有对莎士比亚感兴趣的朋友的话我很推荐这个教授。但是要注意这个教授给分在这门课里是最低的（平均分），注重GPA的同学们可能要多加甄别
CS1110,Nathan Brunelle,5,10,3,CS第一门课，对于之前没有任何CS背景或者刚刚上大学的各位可能一开始会有一些挑战。但是诚实地说，这门课对于任何希望向理工科发展的同学们来讲都是一门很必要的锻炼编程思维的课
PLPT1010,Colin Bird,4,4,2,"PLPT 1010作为Political Theory系列课程的第一门课，有着全PLPT所有课程最低的GPA，所以建议对GPA比较介意的同学们慎选。Professor Bird是一个从英国来的非常博学多才的教授，但是上课时他的一些选词会为了追求精确性而舍弃了一些可理解性与可读性，所以上课可能对于大多数学生来讲，理解起来会比较困难。同样，每周的阅读也不少，但是所幸Professor Bird的Office Hour是一个很有帮助的时间去加深课堂知识的理解。最后要提到的是，Professor Bird是UVA著名的跨学科项目PPE (Philosophy, Politics, and Economics)的Head/Director，所以对于政治感兴趣的同学们，无论选不选这门课，都十分建议进入UVA后尽早和这位教授相识相知"
HIEA2031,Bradly Reed,5,3,5,这是一门迄今为止我上过的最有价值、最有意义、也收获最大的一门课。教授是一位在中国居住过超过十年的老先生，在他的Lecture中他几乎永远会以一种中立的视角去讲述中国的近代史，将对历史事件做出评价的部分留给学生自己。身为中国学生，能够有机会在美国大学，在这样一个深谙中国事务的教授的带领下，自己去了解自己的祖国，我觉得这是一个很奇妙的经历，会让每一个上过这门课的人去反思自己的民族气节与文化身份
MATH3351,Dmitriy Sonkin,4,2,5,Professor Sonkin非常的平易近人，留的作业量也十分考虑学生们的难处，鼓励大家合作、也不会故意刁钻学生们。上课的时候虽然我认为Sonkin教授还可以讲的更加清晰一些，但我觉得像大多数数学学科一样，要想学的好还是要私底下下功夫，然后利用Office Hour多想老师求教。此外，这门课可以为想要在数学或CS领域上继续深造的同学们打下良好基础，帮助大家以最基本的方式去理解Matrix (矩阵)和其应用
STAT4310,Jordan Rodu,4,3,5,学到很多 也比较容易拿分
COMM3410,Sherri Moore,5,1,5,教我学会了做cheat sheet
RELB2715,Jue Liang,5,1,5,教授人特别好 读的文章经常mind blowing
COMM2020,Roger Martin,5,5,3,教授人很好 但网课的设计还是双刃剑 有利有弊
STAT4220,Maria Ferrara,2,8,1,如果不是上不了这门课毕不了业就不要上了 group project非常耗时 成绩掌握在小组成员的手里
PSYC2600,Christopher Mazurek,5,4,5,上课内容很简单，没有作业只有reading。考试内容很多来自阅读，可能会考的比较细。
PSYC2005,Frederick Smyth,5,2,5,拿GPA十分方便，学的东西大多是ap stat的等级。有一些概念，不过会考的在上课和ppt都会强调。基本可稳A
JAPN2010,Mieko Kawai,5,4,5,kawai sensei很亲切人也很好，对于喜欢日语的同学给予的帮助非常多！平时上课多以会话为主，上课的内容虽然是语法但是kawai sensei会扯出各种各样的梗*。对于中国人来说日语的汉字方面有独特的优势。语言课A拿起来并没有那么方便，不过努力一下还是可以的。日语课和同学的关系也会很好，经常有各式各样的小活动。
PSYC2200,Peter Brunjes,5,7,5,是一节讲神经科学和大脑的课，课内容很多也挺难的，专有名词泛滥需要一定生物的基本功。grading是看几次exam drop一次后的均分，按照排名先后给grade。grading非常严格。但是上课的内容十分有意思，brunjes也是一个幽默而且人格魅力十足的教授。虽然课的内容很难但是各种各样大脑和人类行为之间的联系非常神秘，也会学到各种奇奇怪怪的实验和结果。
STAT1601,Evan Bagley,4,1,5,PSYC的major pre-req。学的是R语言统计学编程。非常水的一节课，课可以不用去，看笔记能明白一切。一个学期七个assignment和一个final project。final project和小组合作、assignment非常简单。
ARCH2220,Kyle Sturgeon,3,3,3,Kyle人特别好，但是可能是新开的课的原因，导致这节课不是很organized
AAS1020,Claudrena Harold,5,3,4,非常好，我很喜欢这个教授，quiz和exam努力背就可以了
ARCH2010,Anthony Averbeck,3,10,4,Anthony 可以说是所以这节课所有教授中算hardcore一点的了，他的进度比较快，最后给的分也不是太高
PHIL3320,Harold Langsam,5,6,5,教授非常有文化也很有趣！workload每周两篇reading40页左右，一个学期三个paper。这是哲学专业的专业课，但是推荐所有对epistenology感兴趣的同学上！小课discussion很多学到的东西很多！
MATH1310,Robert Williams,5,5,4,自己教自己的课，但是老师超好，考试可以通过平常加分
COMM1800,Jeffrey Leopold,5,3,5,Comm requirement 会扩展你对各种公司和industry的理解！强力推Sasha Clements做TA
PSYC2400,Eric Turkheimer,5,3,4,老师很有知识但是不是很会讲课，你需要很感兴趣去上课。但是平常没有任何作业，四个考试取三个成绩作为最终成绩！对personality感兴趣的强烈推荐
PLAP3140,Paul Freedman,5,5,5,老师非常好，很有资源每天上课学超多！你真的会对media和politics有新的视角。两个paper两个quiz一个final，但是都很简单，推荐Alexis Miller作为TA。
ARCH1020,Belen aranguren,4,10,5,贼刺激
PHYS1060,Gordon Cates,5,1,5,很简单 如果需要physics credit的话 推荐！
PLAN1010,Timothy Beatley,5,1,5,如果对urban planning感兴趣的话 强推 很轻松的入门课
CS1110,Nathan Brunelle,5,1,5,"很容易上手的一门课，不需要编程基础。用 python 讲基本的编程技术，不涉及面向对象。每节课都有 recording 所以可以偶尔翘几节课。平均每周会有 1-2 个 Programming assigbment，大多很简单，思路清晰的话几分钟就能做完。Final project 要用一个提供的略简陋的图形库写个小游戏 (which should be fun). Prof Brunelle 人非常 nice，课讲得也很清楚。
Course site: https://cs1110.cs.virginia.edu"
CS2110,Raymond Pettit,4,3,5,"第二门 programming course, 在 CS 1110 后面。讲 Java，涉及面向对象/递归/基本的数据结构(堆，栈，哈希表，树，二叉堆)/单元测试，也讲一些方法论之类的东西但大多没用。有 lecture recording 所以可以翘课。每节课有 in-class activity，但其实一般当天完成就可以。共有 7-8 个 homework，难度不同，但基本会花费 2-3 个小时，建议提早开始。
课本身并不难，Prof Pettit 讲课有点让人犯困但是总体上还算清楚。"
MATH1320,Jim Rolf,5,2,5,"Calculus 2, 讲微积分，涉及基本积分技巧 (substitution/by-part), 会讲到 area/volume of revolution。第一个 mid-term 之后开始讲数列和级数，主要是定性地判断收敛性，最后会讲到 Taylor series。最后两周也会简单地讲一点 differential equation。普遍反映很难但个人感觉还好。
Prof Rolf 非常棒，推荐。"
MUEN3650,Michael Slon,5,0,5,"University Singers，全校最大的合唱团，90 多人。
主要唱 art songs 但时不时也有严肃作品。像大多专业合唱团一样会唱一些宗教主题的作品。
每周一周三两次排练，concert 之前会有额外的 rehearsals。每学期一场 concert 外加各种杂七杂八的活动若干。
graded based on attendance 所以算是水A。但鉴于现在的 debate 未来有可能改成 pass/fail， 目前还是一个 GPA booster。
Enrollment by audition, 基本的识谱能力要有。喜欢合唱的不妨来试试。"
EGMT1530,Sylvia Chong,5,4,4,"Title: Real or fake? The politics of authenticity
这门课的主要是在探讨 identity 的边界，比如说 trans-male 是否能上女校，trans-female 是否能支持女权，美国人练习 Americanized yoga 是否对印度裔造成了 cultural-appropriation。这门课关注每种 identity 中的 outlier 从而试图分析这种 identity 实际的社会和政治意义。
每节课之前会有 8 篇 reading，一般 2-3 小时左右可以读完，然后要选其中两篇写 200-350 words 的 response。 
Prof Chong 总体上是个很 nice 很有想法的人，偶尔会感觉有点凶。"
MATH3100,Leonid Petrov,5,2,5,Leonid出题很简单 强推
SPAN1010,Kate Neff,5,8,5,Workload稍微大一点 但是教授很nice教的也很好
STAT3220,Krista Varanyak,4,1,5,不太会讲课 但是给分很generous
STAT3120,Evan Bagley,5,2,5,出题很简单
COMM3410,Sherri Moore,5,1,5,教授很厉害 就是讲课比较快需要认真听
MATH3351,Jennifer Morse,5,6,4,教授教得特别好，思路清晰，OH的时候也很有效率。就是有时候作业有点多，如果一道证明题卡住的话可能要纠结2个小时。考试有一点点难，几乎都是证明题，但是如果复习的好的话就没啥问题。没有期末考试，只有3个midterms。
ECON2010,Marc Repiquet,5,1,5,课很简单，每周作业就两道题，教授人特别好，讲的也特别好。考试也很简单，只要上课听懂了，几乎不用复习。
STAT3220,Krista Varanyak,4,3,4,内容很有用，主要教怎么用SAS，内容不难，但是教授思路不太清晰，需要一定自学。但教授人很好，可以多去OH问问题。没有final exam，只有一个final project，不难，只要组员不太拖后腿就没啥压力。考试还行。
ENWR1510,Kevin Smith,5,4,4,教授人很好，workload还行，主要是reading。一共4篇essay，每篇有一个peer review。课上氛围很好，主要讲media和algorithm。但essay普遍给分不太高，拿 A有点难，但A-还是很有可能的。
MATH3100,David Sherman,3,4,3,教授讲课思路不太清晰，回答问题也不太明白。考试不太难，只要好好复习就还好，考试有curve。作业不是很多，但是有的时候题有点难。
APMA2130,Meiqin Li,5,4,5,这是工院学生必上的一门数学课，教学内容是Ordinary Differential Equation。李教授来自中国湖南。李老师人非常随和，也很温柔，而且对学生付出百分百的关爱和耐心。李老师和她的TA会花时间记住班上所有同学的名字，这样在发作业或提问的时候就很有亲切感。教学速度不是很快，一个话题可能会多重复几遍，为了让所有同学听懂；因此大家的考试成绩都很不错。李老师讲课很有逻辑，后面的topic会build upon于之前学过的内容上，因此按部就班就不会有问题。李老师唯一的问题就是英语口音比较重，不过大约一周之后就能适应，想表达的东西她还是可以完全表达出来的。这门课不是非常难，只要按时写作业，上课认真听讲，成绩应该不会差。课业负担不是很重，主要是worksheet和webwork网站的习题。worksheet一般十几分钟就能写完，webwork一周一次，一次大约两个小时写完。总之，APMA2130是一个难度适中，压力适中的工院必修课。李老师是一个非常值得选择和信赖的教授。
MAE2100,Chloe Dedic,4,5,5,这是机械工程和航空航天工程两个专业的必修课，而且一个学期只会开设1～2个section，因此这两个专业的学生必须上这节课。课程主要内容是分析closed system和open system的能量传输与转换，课上会涉及热力学第一第二定律，一个系统的能量分析／熵变分析，现实生活中power plant的能量／效率分析计算。课程不需要过多的背景知识，不过擅长物理，微积分，Matlab的同学会比较有优势。Professor Dedic是2018年MAE Department新聘请的教授。这也是她第一次教这门课。Dedic自己的科研项目就是高速引擎的热力学分析，所以可以说是这节课的专家。Dedic思路非常清晰，能快速准确把握学生的问题并给予回答。Dedic的教学风格比较硬核，语速非常快，50分钟的课大概会过30-40张ppt，并且公式的推导，例题分析过程一般都是板书，ppt中不会体现。因此要求比较高的课堂记笔记能力：尽量把她说的所有东西听懂之后再记笔记是关键。Dedic考试难度偏高，题量不小，一般平均分在65-75之间；但是她承诺学期末会有curve。Dedic的MAE2100尽量不要翘课，因为每节课的新知识都很多。作业是大概每周一次，一次5-7个应用题，耗时2-4个小时不等。这节课不是easy A，但ME，AE专业肯定是躲不过的，所以努力享受它吧。
MSE2090,Stephen McDonnell,5,2,5,MSE2090 Introduction to material science是一节非常有意思的课。课程内容主要是晶体结构，物态变化，微观结构，生产处理工艺，力学特性，电学特性。McDonnell和另一个叫Jerry Florro的教授将近十年来一直在用“Guided inquiry”这种教学方式，核心就是小组讨论和小组project。这样的课堂形式使1小时15分钟的课变得一点都不枯燥。这节课的作业是在WileyPlus网站上，量很少，一周一到两次，每次3-5题，耗时半小时。Professor McDonnell来自爱尔兰，是一个超级有趣，爱开玩笑的人。他经常在课堂上突然吐槽美国or飙脏话，但是都是以一种玩笑的方式，所以没有人在乎。Professor McDonnell教学方式很轻松，会真正让你喜欢上这节课和这个学科。另外，Professor McDonnell是UVA研究生院的招生官之一，并且有自己的实验室项目，而且是一个非常平易近人的教授。
JAPN2020,Mieko Kawai,5,3,5,大学2年级日语课，是一个初级到中级的过度阶段。学习内容主要有敬语，被动语态，使动用法，和一些日常用语及单词。语言能力的重点分配大约是口语30%，语法单词30%，听力20%，书写20%。课堂是每周5节，size比较小，大约20人，可以保证每个人都有练习的机会。Kawai sensei人非常nice，任何日语／人生／未来计划／生活／情感方面的问题都可以和她探讨。几乎所有时间都可以在办公室找到她。Kawai sensei还非常喜欢创新，经常把她认为好的教学方法运用到课程中，比如帮我们联系日本山口县的大学生做线上口语对话。总体来说这节课的课业负担不小，几乎每天都要写一些作业，但是难度不是很大。成绩和学习的认真态度+课堂参与度有很大关系。UVA的日语小而精，并且重视运用。如果对日语感兴趣，一定要来上Kawai sensei的课！
PHYS1429,Maksim Bychkov,1,6,1,物理lab（力学）。课堂体验极差，学不到任何新的物理知识。物理实验的manual非常不严谨，不规范，误导性很大。实验的仪器及设计也很一般。课业负担非常重，要完成pre-lab，post-lab quiz，lab report。一周大约花费6个小时。所有lab都是由研究生TA带领，学不到什么东西，还经常遇到英语极差的中国研究生。Lab report判分过于严格，不够客观，想拿高分得看命。如果不是要求工院和物理专业学生必须上这节课，应该没人会选它。如果有可能的话一定要把AP物理1，2，C全都考掉，这样就不需要上这些物理必修课了。这节课就是所谓的一分（学分）更比4分强。PHYS1429和PHYS2419这两节课能不上就不上！！
PLCP3610,Brantly Womack,5,3,5,Professor Womack是学校Miller Center的C.K. Yen Chair，也是吉林大学的荣誉教授。专业是中国的地缘政治和国际关系。人很nice，课也不是很难，一个midterm和一个final。3610是一个中国政治的introductory课，如果觉得简单的学生可以上他5610的课。
HIEA3321,Xiaoyuan Liu,5,2,5,HIEA-3321是讲中国在冷战中的角色。刘教授人很nice，课程不是很难，reading也不冗长，但是需要有基本的写历史性文章的能力和素养。3个简单的assignment＋1个一页的document analysis＋1个midterm和1个final。考试均为take home essay。
EAST1010,Jack Chen,5,2,5,EAST-1010是一个比较简单的课程，它教的是中日韩古代的文学，也是东亚专业的必修课。4个考试各占25%，均为分析文学作品的quotation。Professor Chen人很好，approachable，也会给大家提供extra credit的机会，最高可增加3分。
HIEA1501,Cong Zhang,5,3,4,HIEA-1501是张教授的中国古代思想课，主要讲的是儒道法墨的不同主张，以及分析它们的利弊异同。之所以推荐这门课是因为它可以满足second writing requirement。主要评分标准就是写作文：1篇1页＋3篇3页＋2篇5页。
ANTH3630,John Shepherd,5,1,4,ANTH-3630是讲中国的家庭习俗。课虽不能说十分有趣，但是教授非常nice，非常chill，课的reading可以选择不读，总体来说适合修养身心。这节课需要写非常多的作文，虽然题目都不难，教授改的也不严：4个writing homework＋1个midterm take-home essay＋1个final take-home essay
DRAM2020,Michael Miranda,4,4,5,对于喜欢表演的同学会是非常开心有趣的一节课，但老师给分太严，避免选他
PHIL2060,Alan Simmons,4,4,3,对逻辑思维要求很高，很有趣的思维训练，教授很knowledgeable很有魅力但是讲课条理不是很清楚，需要自己下课主动整理笔记
PLIR2020,John Owen,4,3,4,foreign powers of policies，是我上过的第一节国际关系课，大一下学期我上的时候还是一门新课所以当了回小白鼠。reading很有趣，只要material理解到位备考也不是很困难。
COLA1500,Deborah McGrady,5,1,5,facilitate了很多关于Arts的讨论，让我对学校里的艺术文化有了更深的了解，也在课业之余visit了很多夏村隐藏的art institutes。课上认识了很多志同道合的同学，会时常相约一起去参加art events和社团活动。是很充实有趣的一学分
KINE1430,Diane Whaley,5,3,5,大家应该主课都推荐的差不多啦，我就来当一股清流推荐节体育课吧~这节课一学分，基本上就是supervise you do exercise，我的学分虽然overload但为了督促自己健身所以上了这节课，做一些高强度的cardio daily training。想要充分利用学分的话就多上一些1credit的有趣的课吧~
DRAM2310,Marcy Linton,5,3,5,"非常棒的一节做衣服的课！
很值得上！
走向贤妻良母的必备课程"
STAT3080,Gretchen Martinet,5,3,5,"学R
教授非常有耐心又很approachable
grading是以作业为主，没有考试"
ECON3010,Peter Troyan,4,6,4,"教授很有耐心，但Office hour时间很少
problem sets题量大，而且一般要比考试难
Econ major的必修课"
COMM1800,Jeffrey Leopold,5,2,3,"pre-comm  必修课
教授人真的很好，很健谈，也很喜欢/乐意和学生传授经验
但个人觉得这课学不到什么实质内容，比较浅且空"
ENWR1510,Cory Shaman,5,5,5,"主题是tech and science 
一学期都在写field notes，每周都要去同一个地点观察发现不同的事物
这节课培养了我的观察能力与写随笔的能力
如果你也和我一样热爱大自然，这节课真的很适合你"
STAT3220,Krista Varanyak,3,4,3,有exam有project有homework还有日常in class小作业，如果不是一定要上还是算了；可以学用SAS这一点我很喜欢
STAT3250,Jeffrey Holt,5,2,5,professor Holt是我认识的最好的教授，太喜欢他了，教了很多东西，同时尽最大可能减轻我们的workload；python coding有趣且有用，爆肝推荐
ECON3720,Karim Chalak,5,2,5,Professor Chalak讲课特别清楚，人特别好特别温柔，很容易把人讲懂，workload也不大，强烈推荐
RELB2100,Sonam Kachru,5,1,5,教授人很chill，自己是Uchi的phd，很有学识，讲课内容不难，没有作业只有reading，量不大，很好拿分，能满足requirement
MATH3100,Leonid Petrov,4,2,5,很多专业的必修课，petrov讲课有点谜但是给分很大方，平时会有不定期quiz
ECON2010,Kenneth Elzinga,5,2,5,老好了
CS1110,Craig Dill,3,4,5,我感觉这个课对于对CS啥都不知道的同学特别友好，虽然一开始我对CS一窍不通，但我感觉一学期来学到了很多
CHEM1810,Walter Harman,5,3,2,这个课巨难，对于我这个高中没上过AP的人感觉非常有挑战性。但感觉若果真喜欢化学的话这个课真的很好，感觉学到了很多！
MATH2310,Mouhamadou Sy,3,0,1,这节课我从这个老师啥都没学到。全靠自学，和同学的carry。但考试不是很难，平均分都有90分
ECON2020,Lee Coppock,4,1,4,我感觉这节课比econ201简单很多，reading也不是很难
BIOL2100,David Kittlesen,5,2,5,这门课的教授特别好，讲课特别细致，解答问题的时候也很有耐心。平常考试出的题也不会非常烧脑，而且一般都会给curve，只要考前仔细看看笔记和ppt什么的问题就不大。作业不多，就是pearson官网上的一些练习题，平常的lab也不是很硬核，基本上平均一个小时就能完事儿。总体来讲非常推荐。
BIOL2200,Jessamyn Manson,3,2,4,课程本身还是不错的，整体的课程架构和BIOL2100非常相似，所以作业量之类的都差不多。但是个人感觉2200的教授不如2100，主要是因为考试的时候这个教授按照raw score登分。不过虽然考试稍微硬核了一些，总体还是能学到很多东西的。
ASTR1210,Edward Murphy,5,1,5,吹爆Edward Murphy的这节天文课！平常的workload一点都不大，作业就是只需要简单的做一做pearson官网的练习题。关键是在这样轻松的环境下还能学到很多有意思的新知识（比如上完这节课你就可以认出来漫天的星星都是什么星座），以后和男朋友/女朋友在一起看星星都会浪漫很多哈哈哈。这门课的教授讲课也很有意思，并且最重要的是从他讲课的热情中就能看的出来，他对自己的这门学科非常喜欢，这样的热情也会感染每一个学生，让大家学习起来更轻松。
CS1110,Craig Dill,5,1,4,这门课是CS的入门课，用的语言是python。上完这门课之后基本上可以做到会用python，但是日后还需要自己努力去提升自己的水平。Craig Dill真的很好，作为一个入门CS课的教授，他会把每一行程序的逻辑都给你盘的明明白白，这样对以后上别的CS课写更高级的逻辑很有帮助。当然如果已经有了CS基础的同学或者又考过AP之类的同学也可以换掉这门课直接上2110
MUSI1310,Kevin Davis,3,1,4,如果你已经有一定的乐理基础那这门课就是十足的水课，但是如果之前没有接触过任何关于音乐的内容的话这门课在后期还是会有一些struggle。这个教授吧。。他懂得很多，但是问题在于他并不太能把他知道的用一种大家很能理解的方式表达出来，所以有的时候听完课还是会晕咕噜拽的。不过其实做一下作业就会明白很多。
FREN3030,Gladys Saunders,4,1,5,和phonetics的课很像，有许多需要背的概念，但整体上还挺简单的，也没什么作业，考试也很straight forward。老师很nice，就是耳背。
MATH3250,Paul Bourdon,5,5,5,Paul Bourdon是我UVA最爱教授没有之一！超可爱的一个小老头，超级超级nice，上课讲的超级清楚，作业和考试都很fair。Extra credit的project教会你用Mathematica。
SLAV2360,Stanley Stepanic,5,1,5,如果你想水一节课的话，就它了！（当然前提是抢得到）教授超级有激情，也很搞笑。作业是每周两个chapter的online reading加一些问题，就是online reading的系统有一点点贵。考试都是take home加开卷，所以真的easy A。
MATH3100,Axel Rodriguez,1,7,3,Probability这门课吧，能不上就不要上了。Axel这个老师吧，看到他就请绕得远远的。Axel其实真的很聪明，很天才，但他不太会教课，不太讲人话，说的东西不太能够让正常智商的人听明白。
ECON3010,Andrew Kloosterman,4,3,5,ECON major必修课，Andrew算是一个中规中矩的老师了吧，上课基本读PPT，当然有一些example会上黑板演示。平时还挺approachable的，作业有问题都可以问他。考试三个midterm都不是cumulative的还挺好，没有final
PLPT3020,Stephen White,5,8,4,教授退休了 但课本身很推荐 学Politics的强烈推荐
COMM1800,Jeffrey Leopold,4,6,3,COMM必修课 很多人对于Leopold有意见 但他本人很有意思 具有多年industry内经验 若带着兴趣去学习 想必会有意想不到的收获和惊喜
ECON2010,Marc Repiquet,5,2,5,Santugini的ECON 2010很少人选 但人也是非常有意思 一口性感的口音 课堂教学清晰的思路 作为ECON3010的教授之一 受到了广大学生的好评 而且课程简单啊 稳A
PHIL2660,Trenton Merricks,4,6,4,"这门课非常flexible 没有Final 课堂成绩只有三个考试 阅读虽多但大多不用读 认真听课就好
Professor Merricks课上课下都很有趣 而且是个很有思想的教授 虽然课程的内容对于大多数人都会很陌生 宗教加哲学一听就很劝退 但是确实大学第一年让我学到最多知识 最长见识 最开拓眼界的一堂课 欢迎各位大一新生来学"
STAT2120,Jeffrey Woo,3,6,3,Woo这个人很电波 喜欢的人很喜欢 不喜欢的人直接不想去上课 课堂内容不算难 因人而异 可能会很枯燥 但课程本身很flexible 若对Stat感兴趣 这门课可以激起你更多兴趣 或者把你劝退
CS2110,Nada Basit,5,7,5,Basit老师教得很好，把概念讲的非常透彻。她不仅会解释怎么做，更多地也会解释为什么这么做。如果有不懂的可以当堂举手问问题。
CS2102,Kevin Sullivan,5,4,4,Sullivan非常负责任，是个很好的老师。这门课作业也不多，平均两个礼拜才布置一次作业。考试开卷。
APMA2130,Meiqin Li,5,4,5,Li老师讲课思路非常清晰，会解释为什么这些题是这么做的。虽然这个老师在the course forum上面评分不高，但是作为中国人的我非常适应和喜欢这个中国老师的教学方式和水平。
PHYS1425,E Dukes,4,4,4,作业不是很多，一个礼拜只有一次。考试curve很多，所以基本不用担心成绩。
PHYS1429,Maksim Bychkov,4,6,3,lab非常花时间。所谓的一分更比三分强。因为是一组三个人写一份报告，所以如果摊上了猪队友会很难受。
CS2150,Mark Floryan,4,10,5,如果学CS的话是必上的一门课，建议没有决心要拿major的同学不要学。code其实不算很难，但需要写的很多。workload基本上是等于两节课。
CS3102,Nathan Brunelle,3,5,3,如果不是必修最好不要上这节课，老师讲课不是很清楚。作业很难。
MATH4140,Hans Gromoll,4,2,4,Workload很小，成绩就按三次考试的平均来算，但内容比较难。教授提供的习题非常小并且不愿意告诉习题答案（因为考试和习题很像）
CS1110,Luther Tychonievich,5,1,5,作业很少，考试很简单，可以说是CS中的水课。不打算major CS的同学也可以上。
COMM2010,Roger Martin,5,4,4,内容不难但考试需要很细心，算是比较实用的内容而且是网课
STAT5120,Xiwei Tang,3,1,4,这节课是STATS的必修，如果想要快乐水一下的话，必选Xiwei Tang。老师讲课一般但是人非常好。
STAT4260,Caitlin Steiner,1,3,1,别上这节课。老师教得很差，基本学不到任何东西。
STAT5330,Xiwei Tang,3,1,3,上课基本教概念，作业主要是一些code。workload不大，如果之前接触过machine learning，这节课就不难。但上课的概念我觉得挺难的。
STAT3250,Jeffrey Holt,5,3,5,很好一节课！学Python，实用，老师人好，教得也好。
DS4001,Abigail Flower,5,3,5,Data Science针对Undergrads的一节课，很实用。没有R基础的理论上也可以上，前小半部分教R和一些很好用的Package，后大部分是machine learning。很实用很好的一节课，老师教得也不错人很好。
STAT3250,Jeffrey Holt,5,4,5,老师特别好人，课特别chill，给分也很fair，对python的运用有更深的认识
STAT3220,Krista Varanyak,4,4,4,老师人很好，学的东西也挺有用的，是stat 的必修课，所以怎么都要上hhhhh
ECON4170,Marc Repiquet,5,1,5,老师贼激情，特别棒，workload小
ECON3720,Karim Chalak,5,3,5,最棒的ECON 3720老师，讲的非常清楚
ASTR1290,Shane Davis,5,1,5,讲黑洞的，特别有意思
ECON2010,Marc Repiquet,5,3,5,Marc是个很可爱的教授！他每天都会在上课前跟同学们打招呼，每节课还会抽人发T恤和小奖品。他的作业和考试难度都跟他上课讲的难度差不多，而且他讲课特别清晰，所以如果你要上micro的话我超级推荐你上Marc的课！
MATH3351,Vivek Mukundan,4,3,5,Mukundan口音挺重的，但是听多了就可以听懂了。他讲定理的时候特别清晰，但是如果你不去找他的话，他就不会主动告诉你考试的重点。平时作业不多，每周就几道题。考试其实难度不大，但是老师扣分扣的挺严的。
ENWR1510,Charity Fowler,5,10,5,我感觉这节课很有意思，因为这节写作课是通过看美剧来引发思考的。刚开学的时候教授会让我们去看几部剧的第一集，然后大家投票决定这个学期看哪两部。因为平时要花时间看剧，这门课的阅读量相对比较少。然后基本每周在collab上都会有forum post要写，主要是根据老师给的prompt来分享自己的想法。我们这个学期总共写了三篇大essay。可能因为我写作水平本身就不太好，我在这门课上花了很多时间，但我还是很推荐这门课。我以前看剧都是看看热闹，但现在会更经常去思考每部剧背后的意义，感觉收获很大。不过目前看来教授改分挺严的，不过具体有多严还不得而知。（这门课60%的分值都是final portfolio，期末的时候才交）
CS2110,Nada Basit,5,5,5,Basit教授讲课特别清晰，解答问题也很有耐心。每次课后都有in-class activity，一般都比较简单。作业难度适中，due date一般都不会很紧，所以可以有充分的时间去完成。每次考试之前会有practice exam，难度跟考试差不多。考试难度适中，基本不会有写不完的情况。如果你想上这门课的话推荐Basit教授的课！虽然我不是很清楚其他的教授教的怎么样
CS2102,Ashlie Hocking,5,3,5,如果你搞清楚了这门课在讲什么，作业和考试就还挺简单的，但是如果搞不清楚的话就会有点麻烦。所以有不懂的地方一定要弄懂。我感觉Hocking教授讲课讲得挺清楚的，而且我比较喜欢他的coding style。这门课作业量不会很大，考试题量也适中，不用担心做不完的问题。
ASTR1210,Edward Murphy,4,2,4,非常喜欢这个教授，他对于天文有着真正的热情。课的内容都不难而且作业不会很多。考试加上期末考试只有四次，好好复习的话不会很难，重要的是要理解内容。总之很推荐这节课的啦～
PSYC1010,Christopher Mazurek,4,3,4,总的来说，课不难老师上课讲的也很清楚，不过都是阅读的内容，有些时候会有额外的拓展，而那些拓展一般都是考试的难点。好好读书就没问题的啦～
PLAN1010,Timothy Beatley,4,1,3,建院的必修课，但总体来说不难。一共只有两场考试和一个paper，老师对考试的管制也很松。如果想学城市规划，这节课还是有必要认真学习的（老师很棒，经验很丰富）。
ARTS2610,Elizabeth Schoyer,4,4,3,这个老师的ARTS2610相较于Barbara的课来说，workload是挺大的，但老师很caring，所以说总体感受还是不错的，适合真正想在画画上有提高的同学～
CS1110,Nathan Brunelle,4,3,4,intro的课都还可以，不会很难，老师讲得很也很清楚。作业占比较大，但认真学的话，作业的难度不会很大～
PLAN1010,Timothy Beatley,5,1,5,"lecture，urban planning, 期中期末➕一个project，无作业，topic很有意思"
DRAM2620,Michael Rasbury,4,2,5,"Studio, sound design，无考试，workload少，推荐"
ARCH1030,Anselmo Canfora,3,10,5,建筑必修，workload很多，无考试，三个project，推荐
EVSC1080,James Galloway,5,3,4,推荐这个课给喜欢环境科学的同学们，Professor Galloway很平易近人，会试着记住学生的名字，也很有趣。这门课比我想象的要多一些化学，还有建议少缺课。
ARTS2110,Alice Bailey,5,5,5,摄影课还是很有趣的，但是花很多时间，所以不建议在一个课比较重的学期上。
EVSC1450,Deborah Lawrence,5,2,5,学习到关于气候改变和全球变暖的重要的知识，认识到全球变暖的急迫性，课的内容和阅读有许多一样的内容
ARTS2610,Barbara Bernstein,5,1,5,她支持学生发展自己的作品风格，看重对美术的态度和专心。
HIEA2031,Bradly Reed,1,6,5,Modern China 是讲中国近代史的，从明末清初一直讲到现在，每年Fall semester Professor Reed都会开。真的超级超级棒！个人认为所有的中国学生和真正希望了解中国，特别是中国现状的同学都应该上这门课！！教授人非常好而且研究的非常透彻，讲课主要是lecture，没有ppt，写笔记很重要。阅读假如没时间不一定要全看，只是作为补充，但是非常有意思。好TA非常重要（essay分值很大）考试是ID (比如说给“李鸿章”这个ID写出5个point）和essay。虽然不是esay A 但真心强烈推荐！！！
EAST1010,Jack Chen,4,4,4,"Professor Chen 下一年暂时不教这个课，所以可能不是很有参考意义...但是可能新的教授也直接用他的材料，不确定。
总之这门课是EAST declare major的唯一pre-requisite，以阅读为主，教授上课先给一些background information然后剖析阅读。虽然说是East Asian，但其实只有中，日，韩三国，内容大概是6：2.5：1.5的比例，主要是中国。从西周开始讲起，主要讲百家争鸣，之后是儒家和佛教两条主线分别在中日韩三国的情况。
考试不难，就是选取一段reading让你identify作者和reading相关的4点（比如说给你论语的一段，你就写孔子和4个点，儒家相关或者是reading本身内容的interpretation都可以）
主要是这门课全是讲philosophy和教义，概念，没有讲儒家和佛教在历史上真正function起来对于国家和人民的生活造成了怎样的影响。（比如只讲程朱理学“体”“用”“文”“无极”“太极”这些概念，不讲为什么理学可以在宋朝这个积贫积弱，致力加强中央集权的朝代兴盛的原因，只讲佛教华严宗天台宗三千世界万物皆空，不讲为什么日本平安时代佛教可以如此兴盛，比如贵族请和尚施法诅咒对手之类的应用）"
SOC1010,James Hunter,4,6,5,"Sociology major的pre-requisite，Professor Hunter几乎不写板书，完全lecture-based，但是他讲的每一句话都要记下来，TA挺重要的。
主要讲社会学的一些基本概念的理论（norm, identity, punishment,etc)，在modernity中人类主要的institution(family, marriage, identity, religion, politics）产生了怎样的变化，还有inequality之类的，尤其讲了美国政治方面现在面临的僵局。个人认为讲的非常好！！感觉所有大学生都应该上一上！会让你看到21th cent 一些看似自相矛盾，不是很能理解的社会现象的本质，对自己和人类社会有更清晰的认知。
不算easy A，但是努力一下还是可以的。"
PSYC2600,Christopher Mazurek,4,5,5,"Professor Mazurek 讲课挺拖，而且总是重复一些不必要的东西（比如每次考试都要仔仔细细的讲一下怎么考）永远不可能讲完text book里面的内容。但是很简单易懂，经过他讲的内容印象都会很深刻。Textbook个人认为写的很棒！虽然每一章都很长，但是浅显易懂而且很有收获！
Social Psychology主要讲social influence对于人类的强大影响，比如pro-social behavior, prejudice, attitude, conformity and obedience, identity…)4个midterm1个final，midterm可以drop一个，extra credit 只有1.5%但是好过没有orz 总的来说还是很值得上的！"
STAT2120,Jeffrey Woo,5,8,5,"我因为没有考AP Stat，然后这门课是econ可选的pre-requisite之一就上了。Workload挺大，事不少，但是适应下来还是可以的，而且4个学分。Professor Woo有口音，但是听几节课就适应了。而且他教了这门课好几年了，每一个作业每一个lab，一分一秒都不会让你浪费，是真真正正扎扎实实的学到东西（这一点让我非常喜欢！）2个midterm1个fianl, A虽然不容易拿，但是努力一把还是可以的。"
ASTR1610,Edward Murphy,5,1,5,一门天文department教授会来轮流介绍自己的科研项目的1分seminar，推荐在上完astr1210后来选择。有助于选择以后想上的课，同时也可以很好的和教授connect，以便后续加入research team什么的
ASTR1230,Steven Majewski,4,9,3,一节很有个性的天文观察课，仅适合天文爱好者，因为time commitment简直恐怖。要自己写lab report，所以不太适合大一第一学期选取。建议大二上学期选取。一定不要同时上另外一节很累的课。
ARTS2110,Alice Bailey,5,7,5,仅推荐给摄影爱好者。work load很大。我最多一周在这节课上花费了20+小时。就算平时不太忙的时候每周也要抽出3-5小时拍照。但真的能学到很多，不管是拍照技巧还是洗照片的skills。ps：开销较大，选课请谨慎
ASTR1210,Aaron Evans,4,2,4,我推荐上Edward Murphy的课，不是因为Aaron讲的不好，实在是因为他考试有点变态考的特别细（但他确实是非常优秀的professor，而且对学生很上心）天文启蒙课，不要以为这是水课，一点也不水，要认真对待。
ECON3010,Andrew Kloosterman,5,5,5,专业课没啥好说的，但是就是想安利下Andrew这个宝藏教授。上课讲课很清晰，ppt很完整，回邮件很及时，答疑的时候思路很清晰。除了不签course action form和考试题量大以外堪称完美
ARTH2252,Betsy Purvis,5,2,5,这节课的主题是文艺复兴后期艺术史，从1480年开始讲起，一直到1550年左右。因为我本来就对艺术史稍感兴趣，这节课对我来说非常有趣。教授非常knowledgeable，课件里几乎只有图片，内容全靠她讲，要集中注意记笔记。不管一开始对艺术有多少了解，你都会在这节课上看到熟悉的作品，并了解其背后的故事以及创作手法，不需要前期的知识储备。另外，这节课的考试评分很公平，备考主要是整理大概念和背笔记，平时只有阅读作业，量不大。一学期下来真的能学到很多内容，下学期我还打算上这位教授的课。
PLIR1010,Todd Sechser,4,1,5,教授讲课节奏较慢，给我们时间充分理解，介绍了国际关系中很多基础概念。教授对课题很了解，讲课不会无聊。总体来说很简单，作业量也不大，是一节能学到东西并且拿高分的课。考试题目都很简单，整个学期只写一篇短论文。
COMM1800,Jeffrey Leopold,3,2,2,因为是precomm的必修课才上的。整体感觉一般，没有学到实质性内容，只是泛泛对商业思维有所了解。教授其实挺厉害的，感觉他带我们这节课有点大材小用了…平时上课内容有时会无聊，但教授常常请行业内的人来当guest speaker。作业并不难，但是考试出题点稍微有点奇怪。不学商的话不建议上这节课。
SOC2230,Fiona Greenland,5,3,3,我是大一第一学期选的这节课，内容很有意思，但是稍微有点难。难主要是因为对美国社会及法律不够了解，作为国际学生会很难直觉性地理解一些现象。阅读也比较dense，需要花时间。教授非常intelligent，上课从不会无聊，考试出题都很合理，推荐给文科强的同学。
ASTR1210,Zhi-Yun Li,4,1,4,如果对天文感兴趣并想选一门简单的课，this is your go-to。教授课件内容很全，复习时背它就没问题了。教授有点口音，但是都能讲清楚。
CS4501,Yanjun Qi,5,4,5,学到很多
COMM4710,Patrik Sandas,5,1,5,学到很多
CS3330,Charles Reiss,5,8,5,CS必修，难，收获大
CS4760,Ahmed Ibrahim,5,3,5,教授教的好，课程设计好
COMM4731,Patrick Dennis,5,1,5,学到很多东西，课程也安排的不错
ECON2010,Marc Repiquet,5,3,5,Great professor! Super energetic and able to make introductory class intriguing
STAT2120,Jeffrey Woo,3,6,3,Poor teaching and heavy workload
PLCP1010,David Waldner,4,1,4,Great professor but huge amount of reading which weren't really tested
PSYC2410,Robert Emery,4,4,3,Abnormal psychology makes me abnormal now
COMM3220,Chris Maurer,5,4,5,课程教SQL和Tableau，老师讲的很好，就是给分比较严格。
COMM4660,Brendan Boler,5,3,5,老师很好，给分很好，就是作业有点多。
COMM3110,Ann Backof,5,4,5,教授是Accounting女神，讲课特别清楚，对学生耐心解答问题，给分合理。
SOC3440,Yingyao Wang,5,1,5,这节课是讲Chinese society，教授非常博学也很耐心解答问题。一共就两个paper。reading稍多，但是都挺有意思的。
DANC3640,Kimberly Mata,5,7,5,课程主要围绕舞蹈视频的拍摄技巧和后期剪辑。课程使用Final cut pro，需要进行一些舞蹈视频拍摄。学校dance department每年都有表演，教授负责很多舞蹈的编曲，编舞，和灯光特效。在舞蹈本身，理论，及拍摄都有很深层次的见解。
ENMC4500,Jesse Bordwin,5,3,5,最棒的文学课
ENMC4500,Maurice Wallace,5,3,5,最棒的文学课
HIEU1502,Allan Megill,5,5,5,great intro to欧洲思想史
ENGL3820,John O'Brien,4,1,4,文学史大课，可自学
APMA3100,Bernard Fulgham,1,2,1,最好尽量不要上他的3100
APMA2130,Diana Morris,5,3,5,教授爆炸好！
CS4710,Michael Freenor,4,3,5,水课
CS1110,Craig Dill,4,4,3,教授人很nice 讲的普通
MDST2000,Bruce Williams,3,3,3,上课内容和考试没啥关联 不过课的难度不是很大
ANTH2590,Xinyan Peng,5,3,5,教授很nice学到很多 上课很chill大家讨论氛围很好
DANC2300,Kimberly Mata,5,1,5,上课非常有趣有很多不同的活动 平时上课有很多即兴跳舞但不需要基础 老师人很好给分也很高
ARTS2610,Lena Capps,3,7,3,教授人还是很好的 但是workload真的很大 每周起码要画六小时 没有基础还挺struggle的
PLAN1010,Timothy Beatley,5,1,3,很轻松
MATH3100,David Sherman,4,3,4,不算很难 挺好玩的
PLAN4040,William Cockrell,3,1,3,有点枯燥 但老师人很好
PLAN3860,Timothy Beatley,4,1,3,老师人很好 topic还挺有意思的
MATH3310,Jinbo Ren,2,3,2,很无聊很无聊，老师也很一般，而且执着于一些没有意义的点，比如上课去厕所要和他说一声…
PSYC2150,Daniel Willingham,5,3,5,"教授讲课条理清晰，节奏适中，讲的内容也十分的有用, 比如教你how to study (听起来很cliche 但是真的有用)，了解人类是如何do reasoning and problem solving。不过考试是比较难的，要求你对内容有透彻的理解。但是这是我在UVA上过最喜欢的一门课：）"
STAT3220,Krista Varanyak,3,5,3,需要自学，但是能学到很多：）虽然教授讲的一般般/不是很好，给分还是很nice的，考试可以用A4正反两面当cheat sheet。如果想要在project上面拿高分，就得多去OH，因为很多时候你问才会知道她的expectation是什么。
STAT1601,Evan Bagley,4,2,4,"Well, 如果有coding基础，其实可以不用上课都可以完成作业。没有期末考试，十分easy A。是PSYC major的prerequisite。"
EDIS2010,Vivien Chabalengula,5,2,5,80% A，让你在课堂上学习并在美国中小学课堂实际运用teaching theory。
KOR1010,Yoon Choi,5,5,5,教授人美心善！喜欢韩语就选她没错啦！
CS2110,Derrick Stone,5,5,5,Java基础课，很有用
ARTS2610,Amy Chan,5,6,5,工作量很大的一门课，但感觉付出回报率超过预期
MATH3354,Jinbo Ren,5,4,5,抽象代数课，内容有趣但需要花时间自己钻研
MATH3354,Jinbo Ren,2,9,2,比较难
SPAN2010,Rachel West,5,3,5,不错的课，就是不好拿a
MATH2310,Prasit Bhattacharya,5,3,5,Prasit 上课准备的很充分，讲课逻辑清晰，有效率。作业合理，考试合理，给分友善。Cal3 难度偏简单，推荐喜欢calculus的同学尝试。
ECON3010,Peter Troyan,5,4,5,教授讲课条理清晰，课程难度中等，作业是group assignment占比不大，考试比较合理，会适当的有curve，学起来比较轻松。
CS1110,Nathan Brunelle,5,4,5,教授上课很有效率，讲的比较清楚，不怎么需要课下重复理解知识点。作业和lab也比较有意思。python入门和上手都比较轻松，想要尝试cs的同学都可以来学一学。
MATH3351,Dmitriy Sonkin,3,4,3,教授人非常nice，虽然我没怎么听懂过他在讲什么，自己看书会更加有效。
CS2102,Kevin Sullivan,5,3,4,不同于python java c++，2102学的是一门functional language LEAN。了解了解还是挺有意思的。教授人很好，讲的也比较清楚，作业出分会稍微慢一些。
CS3240,Mark Sherriff,5,4,4,纯自学
APMA3100,Megan Ryals,4,3,4,老师的notes写的不错，但是例题过于少，probability只推荐Hui Ma
STS2500,Jason Jones,5,2,5,这个老师教的这门课以后不会开了哈哈哈哈
ECE2660,Steven Bowers,4,6,4,请抱紧TA的大腿
APMA2130,Megan Ryals,4,3,4,本门课程纯粹的套公式+背公式，唯一的问题是记不住，请大家多多锻炼记忆力，课程会很轻松的哦~
ECON3720,Ronald Michener,4,3,3,课上学习到很多STATA数据处理的知识，Lab/HW充分练习，Exam充满了坑
MATH3351,Dmitriy Sonkin,5,1,5,比较Theory-based和proof-based的课，老师讲课比较清楚，也热心解答学生问题
HIEA1501,Cong Zhang,4,5,4,"2018 Fall学期的课程内容是诸子百家，学到很多中国古代的思想，比较像是一节哲学课。作为中国人会有一定的edge，因为一些观念想法什么的都会比较熟悉。作为大一大二学生上的seminar，每节课需要积极参与课堂中的open discussion，同时这门课可以一次满足History, Non-western, Second Writing三个requirement"
STAT3120,Evan Bagley,4,3,3,比较难的统计课，数学成分很高。比入门课STAT2120更加深入，公式定理也会复杂一些，需要一段时间练习理解才能掌握。老师讲课算是比较清楚，但是这么课重点还像是“会用就行”，所以更深层的原理不会讲那么透彻。
CS2150,Aaron Bloomfield,1,10,2,I hate it
CS3240,Mark Sherriff,4,9,3,如果你没有做好一个人写一整个project的准备 就不要上这门课 分组员全靠人品
STAT4220,Maria Ferrara,3,3,4,还好就是评分系统很奇怪93是A-
RELB2100,Sonam Kachru,5,1,5,太chill了
STAT4310,Jordan Rodu,4,4,5,学data viz非常有趣的一门课
CS4760,Ahmed Ibrahim,5,2,5,Ahmed Ibrahim这门课设计的很好，课程内容的设计都容易理解而且实用，作业很容易跟上而且对理解内容都有帮助。教授本身对内容也很了解
MATH4652,Peter Abramenko,4,4,4,Peter Abramenko的所有课都一样，他的课内容很多，课上讲的清晰，但是普遍偏难，workload较大，一般没有curve，如果对课的内容有兴趣就很推荐这个教授，否则不推荐
CS4720,Daniel Graham,3,2,3,整个课程就是一个大的project，因为没有作业设计所以感受不到学习内容与project的直接联系，但是project本身不错，这是教授第一次教这门课，后面课程制度很可能会改进。虽然课程本身设计问题大，但是教授本身人很好，可以随时问问题。
PSYC2600,Christopher Mazurek,4,2,4,课程得分仅由考试组成，无paper，无出勤要求，加上1.5%左右的iclicker extra credit。若能按时完成reading，并且背ppt功力深厚可以拿来当作水课
CS4740,Haiying Shen,1,1,1,课程本身均为概念记忆，几乎无实操，得分设计很有瑕疵，但是教授又按照课堂百分比给letter grade（A率固定），导致最后96分就是A-。整堂课没有任何营养，但是记忆内容繁多，cheatsheet要把手写掉。期末考试还会画一手假复习纲要，其实考试内容和复习提纲没毛线关系。
STAT5330,Xiwei Tang,3,6,4,挺有用的
STAT3120,Taylor Brown,2,8,3,换教授了 不知道怎么样
STAT4310,Jordan Rodu,3,4,3,很chill
CS2110,Nada Basit,5,6,4,很有用 很好玩
COMM3410,Sherri Moore,5,3,5,很好的教授，作为法律入门课程不错
STAT4260,Caitlin Steiner,2,4,1,学不到啥，作业令人崩溃
STAT3120,Evan Bagley,3,2,3,统计必修，这个老师挺chill的
BIOL2100,David Kittlesen,5,4,5,老师讲得好！课有趣！有一小点难！
STAT3080,Gretchen Martinet,4,4,4,能学到很多，但是material有时候很confusing。总体来说推荐！
BIOL2200,Jessamyn Manson,5,4,5,很好的教授和课程！slides非常清晰，帮助很大。教授非常helpful！
CHEM1410,Kevin Welch,5,6,4,学的内容很深入，如果以后会持续上化学课的人很推荐上这个课。教授非常睿智，上课讲的也很清楚。去年开始采取新的grading系统，有好有坏，不是传统的考试+作业的形式授课。
CHEM1420,Linda Columbus,4,5,4,教授讲的内容很简单，真正的考试却很难。
HIEA3112,Bradly Reed,5,4,5,reed教授教得特别好 对中国近现代史了解特别丰富 他本人也非常nice 一学期下来把整个班同学的名字都记住了
CS1110,Mark Sherriff,4,7,5,shrriff教授教得很好 但是脾气很臭 不过cs1110这节课也不一定都是他教 不过不论谁教 这门课对于想要了解cs的同学都是非常有意义的
CS2110,Erin Griffiths,4,7,5,cs2110的教授教课的平均水平不咋地 但是这门课作为java基础课还是非常有意义的
ENGR1624,Eric Anderson,4,1,5,给分高主要因为比较水？ lab部分还是很烦的但是TA很好人，能春天上最好了，人少
ECON3010,Peter Troyan,5,6,5,喜欢经济的话上的还是很有意思的 教授讲的挺好的 平常还是要花一定时间学
APMA3080,Meiqin Li,5,6,5,学完还是蛮大收获的 教授给的notes作业都设计的很好 考试也不是很难
PHYS1425,E Dukes,4,6,3,个人对物理无感 教授就照ppt讲 每周pearson作业挺耗时间的
ECON2010,Kenneth Elzinga,5,3,5,教授人很好 课不难
CS3330,Charles Reiss,5,9,5,Reis逻辑清晰，精准数字量化成绩，努力做到任何问题零争议
CS6501,Vicente Ordonez-Roman,4,5,4,课很水，老师讲的还不错，但不是很认真。
CS6501,Hongning Wang,4,6,4,peer evaluation挺严格的，老师讲的还可以，能学多很多基础的东西
MUSI4547,Leah Reid,4,10,3,针对有DAW基础的学生，但风格比较小众，而且会assume你有很多基础，更多的是project而不是教学
MUSI3332,Adam Carter,5,5,5,好课
ECON3030,Carter Doyle,4,5,3,一般般
ECON3020,Maria Westerfield,5,7,5,good
ECON3720,Leland Farmer,2,7,1,比较无聊
HIEA3321,Xiaoyuan Liu,5,4,5,学到很多，如果没有上过历史的小伙伴可以先上一门简单的历史尝试一下，再上这门课
STAT3080,Gretchen Martinet,5,2,5,非常实用，易懂
PHIL2060,Alan Simmons,5,3,5,锻炼批判性思维，有意思
ASTR1210,Zhi-Yun Li,5,2,5,水课首选，Prof Li和蔼友善，讲课很专注。没有作业，所有知识点都可以在lecture slides里找到，只要肯背绝对稳A
PSYC2600,Christopher Mazurek,4,4,4,喜欢心理的同学可以拿这门课试试水，非常有趣而且是比较贴切大众眼中心理学所有的样子。不是很难，作业只有readings，但也需要一定努力
PSYC2150,Daniel Willingham,5,4,4,Prof Willingham非常会讲课，上一个小时15分钟的lecture不会觉得无聊。课程内容相比来说比较abstract，需要一定努力去理解。考试机制是唯一的短板，letter grade是按全班分数分布而定，所以A率是一定的
PSYC2150,Daniel Willingham,5,5,4,非常好的一节课！虽然是真的难，考试全是选择题非常的不友好。但是真的学到了很多，教授讲课很好，人也很nice。感觉很有收获的一节课。
SOC2230,Fiona Greenland,5,5,5,非常有意思的课，教授讲课条理很清晰，人也很好。阅读量有点大，但是考试整体并不难。强烈推荐。
ENWR1510,Charity Fowler,5,3,5,非常好玩的一节课！教授人超级好！topic是sci-fi，所以非常有趣。一学期下来看了不少美剧，essay量其实也不大。整体非常棒！强烈推荐。
PLIR2020,John Owen,4,2,3,难度和workload像是3开头的课
STAT3250,Jeffrey Holt,4,3,2,原来是水课，现在越来越不水了。
DRAM3825,Mona Kasra,4,6,5,很好玩 但workload也不小
PSYC2200,Peter Brunjes,5,6,5,可以学到很多有意思的知识 但是也挺难的
STAT4220,Maria Ferrara,2,8,3,好好上能学到很多stats的知识 但是太难拿高分了 老师一般
STAT3080,Gretchen Martinet,5,2,5,挺轻松的 教的很清晰
ECON3720,Ronald Michener,3,4,3,班均分50多的课
ARTH2054,Ismini Miliaresis,5,1,5,作业不多，考试还行，要记的东西挺多但是挺有意思的，老师也很友善（各种意义上）
FORU1500,Erin Eaker,5,1,5,进学校后有traditional，new和forum可以选，如果对特定方向很感兴趣可以选forum，还是挺好的
DRAM2020,Ralph Risher,5,6,5,Randy真大佬，人超nice而且授课激情澎湃，不过想拿A可不简单
SPAN1010,Caroline Whitcomb,4,9,5,西语语言课入门，UVA的语言课都是高水准的，而且Caroline非常耐心，手动比心。
ENWR1510,Matthew Davis,5,6,4,虽然是必选课，但还是强推Matthew的section。风趣幽默而且课程设计合理，可惜我报的早上八点的课真心不想起床😂
ECON2020,Carter Doyle,2,2,1,大家上econ202千千千千万万万万不要和cd一起，他人是很nice。但是2000个学生4%的A还是一门公认的入门econ水课，大概是想报复社会吧。
MDST2000,Andre Cavalcante,4,3,4,教授很幽默知识渊博，课程设置也挺好的。不太可能拿A，但是话题有意思，还是很值得的
ECON3010,Peter Troyan,5,6,4,出名的难课。但这个教授的出卷给分课程设置都还挺decent，好好学就没问题。
COMM3720,Zhaohui Chen,5,2,5,教授人非常好，平时没有作业，考试之前会发一个大作业，但是不会收。教授在课外也非常愿意回答问题。陈教授的课5星推荐！
COMM3721,Patrick Dennis,5,2,3,教授人很好，解释concepts很清楚，但是final特别难（我觉得）！
COMM3050,David Lehman,5,2,5,Lehman教授人非常好，上课也很有趣。Fraser也很可爱， 会带你去garden room吃午餐。